Transaction Hash,Status,Method,Blockno,DateTime (UTC),From,From_Nametag,To,To_Nametag,Amount,Value (USD),Txn Fee
"0xc83e3042e211f49e15a107023bc92e5e51fc4978676e5ddcc7759b58ff20d96a","Success","0x60a03461","90891005","2026-04-06 04:45:19","0xd699ebc6930f593f0725d2a7dc58acc65b41a08e","","0x12fedd29e71f66157e985aa1aaae434253e39a22","","0 BNB","$0.00","0.00004545"
"0x35999dca8584f2afdb15aaceffcb3daaa7ac08ef37d62c524814ed9439cfc391","Success","0x60803460","90890817","2026-04-06 04:43:54","0xd699ebc6930f593f0725d2a7dc58acc65b41a08e","","0xd72b2fe3012a2896aef7e3ca561ad11b1542a88c","","0 BNB","$0.00","0.00003397"
"0x25e89e5309721fef6053a824a60f69541b6025a266cb83e67a3e9cf9e1590169","Success","0x60808060","90890009","2026-04-06 04:37:51","0xd699ebc6930f593f0725d2a7dc58acc65b41a08e","","0xeafe298387f800101f1b9263208a0bfdc934a63e","","0 BNB","$0.00","0.0000289"
"0xf77ef89668f219fd4daf3474bfacfb21ce8c06c208364cf3d764ba5d45267864","Success","0x60808060","82300802","2026-02-20 09:52:13","0xd699ebc6930f593f0725d2a7dc58acc65b41a08e","","0x1cb74534bc03facb2725eb47bd1652c22b5f0663","","0 BNB","$0.00","0.00001224"
"0xf7550f09521636926fe55542979067e48cf48c0bb7d4665fbc3451e5ab26b9a9","Success","0x60808060","82289432","2026-02-20 08:26:55","0xd699ebc6930f593f0725d2a7dc58acc65b41a08e","","0x8446a9423adb131bdc124e84bf3d35ce53e4f482","","0 BNB","$0.00","0.00001224"
"0x723ad73cae9c7ccfa43a07df973e8ffae3aa160b30bb0f3f69144fb68a918cbb","Success","Deploy","82286872","2026-02-20 08:07:42","0xd699ebc6930f593f0725d2a7dc58acc65b41a08e","","0x375401aaab20b0827cfc7dbe822e352738d390a9","","0 BNB","$0.00","0.00015929"
"0xde9a431370029966bb72ffb006376c2f307fa7004b158b6d8b48f6a259913abd","Success","0x29d89b98","82286867","2026-02-20 08:07:40","0xd699ebc6930f593f0725d2a7dc58acc65b41a08e","","0x4e59b44847b379578588920ca78fbf26c0b4956c","","0 BNB","$0.00","0.00000744"
"0xc58114fa3019b0853cb284af90097692efbb0edc6ddac4814b733c0a24b2c7df","Success","Transfer Ownership","82286463","2026-02-20 08:04:38","0xd699ebc6930f593f0725d2a7dc58acc65b41a08e","","0xb2a22c74da8e3642e0effc107d3ac362ce885369","","0 BNB","$0.00","0.00000173"
"0xb83e02a47c1dab3a175d8df80d2f4394bbbcedbe79bfe014677c9a69398cac07","Success","Transfer Ownership","82286458","2026-02-20 08:04:35","0xd699ebc6930f593f0725d2a7dc58acc65b41a08e","","0x0a1a4bd354983dbc7f487237cd1b408cd0003ebc","","0 BNB","$0.00","0.00000167"
"0x0523c97965ea969fac568c33175cd792fb842ed6517d9cd43d58570ecfd284bc","Success","Transfer Ownership","82286455","2026-02-20 08:04:34","0xd699ebc6930f593f0725d2a7dc58acc65b41a08e","","0xd7b3bf05987052009c350874e810df98da95d258","","0 BNB","$0.00","0.00000167"
"0xf2c38e9085a7bb60d4e4f7a8d3917ed84c1a7e7c4bddf526d70d14fd64468c95","Success","Transfer Ownership","82286451","2026-02-20 08:04:32","0xd699ebc6930f593f0725d2a7dc58acc65b41a08e","","0x3d8820ec93748fd4df8eee6b763834a23938b207","","0 BNB","$0.00","0.0000017"
"0x21795b743ca585b9eaa999855e5d4532952a2a4798af0baeed5ef16b1a18e7e9","Success","Transfer Ownership","82286446","2026-02-20 08:04:30","0xd699ebc6930f593f0725d2a7dc58acc65b41a08e","","0x2e5d36c46680a38e7ae156fc9d109084c58c688e","","0 BNB","$0.00","0.00000168"
"0x47875521e4f2f00fa58a26c99d1762635764ff23c4a3dd795d8369adf643e8dc","Success","Add Authorized Caller","82286442","2026-02-20 08:04:28","0xd699ebc6930f593f0725d2a7dc58acc65b41a08e","","0x0a1a4bd354983dbc7f487237cd1b408cd0003ebc","","0 BNB","$0.00","0.00000254"
"0xb67aa2d50759ec847c9acb4d6cdfa08c87570c73fc210e5cbfba2059bb08e6f8","Success","Add Authorized Caller","82286438","2026-02-20 08:04:26","0xd699ebc6930f593f0725d2a7dc58acc65b41a08e","","0xd7b3bf05987052009c350874e810df98da95d258","","0 BNB","$0.00","0.00000254"
"0x64c0eee41c839257acfc301ef5451ad977b1c2a7eeb9459d5ebe079cae51ff81","Success","0x60806040","82286434","2026-02-20 08:04:25","0xd699ebc6930f593f0725d2a7dc58acc65b41a08e","","0xb2a22c74da8e3642e0effc107d3ac362ce885369","","0 BNB","$0.00","0.00002414"
"0xa1ae39b46dd834c707cab22dd5d54e91aa20ec5f07374351b34abdd00d45148a","Success","0x60a08060","82286430","2026-02-20 08:04:23","0xd699ebc6930f593f0725d2a7dc58acc65b41a08e","","0x102a87e067aa4c6cc20d06207fb64e4a1a6cdbe6","","0 BNB","$0.00","0.0002047"
"0x5a5548e32308603b5f1bf14bf6a1fca04250e6fd0ac9bfb84132c4d6bd545e85","Success","0x60806040","82286426","2026-02-20 08:04:21","0xd699ebc6930f593f0725d2a7dc58acc65b41a08e","","0x0a1a4bd354983dbc7f487237cd1b408cd0003ebc","","0 BNB","$0.00","0.00000772"
"0x79126384da2a183f2d1c2cc17997e35f49f7a92a2602bd1bc78301cb7e511ca9","Success","0x60a08060","82286422","2026-02-20 08:04:19","0xd699ebc6930f593f0725d2a7dc58acc65b41a08e","","0x54d67c0ec4cfe1d9eb945b35d1ebcc25c6abd2c9","","0 BNB","$0.00","0.00004118"
"0x9cf55d5c9beb4d137692c73ed98e60cb248188547ee45ba200fe86f8d985a378","Success","0x60806040","82286418","2026-02-20 08:04:17","0xd699ebc6930f593f0725d2a7dc58acc65b41a08e","","0xd7b3bf05987052009c350874e810df98da95d258","","0 BNB","$0.00","0.00000773"
"0x18d312d69145fd5538cea448653d829c4aafd35ab5f7e23872cbb543ecf77f1b","Success","0x60a08060","82286414","2026-02-20 08:04:16","0xd699ebc6930f593f0725d2a7dc58acc65b41a08e","","0xb43c56d9920ea8ff1f7ea4b86261f6d59df04f66","","0 BNB","$0.00","0.00003985"
"0xee820edf08f9b009c089140c8e30979716fc21f57cb2714e7cbdd7c1bb59c965","Success","0x60806040","82286410","2026-02-20 08:04:14","0xd699ebc6930f593f0725d2a7dc58acc65b41a08e","","0x3d8820ec93748fd4df8eee6b763834a23938b207","","0 BNB","$0.00","0.00000885"
"0x2f83297791e1a44149cc7336a33bfba2945b3bebd771bc4bc5fa9c96c834d661","Success","0x60a08060","82286406","2026-02-20 08:04:12","0xd699ebc6930f593f0725d2a7dc58acc65b41a08e","","0x734d6d554a3f7762d0dbc5538cba8ae9e01338f7","","0 BNB","$0.00","0.00010408"
"0xb8578834dd453d4603682cd15f6d3b1444f3c28f86af990cc4d2bc73fdd2d429","Success","Register Chain","82286401","2026-02-20 08:04:10","0xd699ebc6930f593f0725d2a7dc58acc65b41a08e","","0x2e5d36c46680a38e7ae156fc9d109084c58c688e","","0 BNB","$0.00","0.00000716"
"0x6701541e7da7f1730b4393fe06bb4643c5b22d875fef28700d3d399b8a278efc","Success","0x60806040","82286397","2026-02-20 08:04:08","0xd699ebc6930f593f0725d2a7dc58acc65b41a08e","","0x2e5d36c46680a38e7ae156fc9d109084c58c688e","","0 BNB","$0.00","0.00000773"
"0x0d79f74b31b4e7735191f39ab5da544de7508d53e3b9f1bc2fd2a367284300b2","Success","0x60a08060","82286393","2026-02-20 08:04:06","0xd699ebc6930f593f0725d2a7dc58acc65b41a08e","","0x6b1aa0653d99d5dec84db4a0283efb41be826993","","0 BNB","$0.00","0.0000475"
"0x3bad445133b91d5641e6d0e700d627e87230b266e2d12848b011ac7debc1a9a8","Success","0x60808060","82276457","2026-02-20 06:49:35","0xd699ebc6930f593f0725d2a7dc58acc65b41a08e","","0xfab525ee1b14cc281903dea7583e568377279c1e","","0 BNB","$0.00","0.00001224"
"0xb55a2348487d743bad8d1e4484e31ebebab2c1ee2b75dd17fb1e3b2d20036dfb","Success","0x22b830a5","82120206","2026-02-19 11:17:24","0xd699ebc6930f593f0725d2a7dc58acc65b41a08e","","0x4e59b44847b379578588920ca78fbf26c0b4956c","","0 BNB","$0.00","0.00011329"
"0xb639b1418c612a39e1e97d1efd481fb3cd3c07c7ee36f8feb00f89a277318ee1","Success","Transfer Ownership","82118587","2026-02-19 11:05:14","0xd699ebc6930f593f0725d2a7dc58acc65b41a08e","","0x7d3903d07c4267d2ec5730bc2340450e3faa8f3d","","0 BNB","$0.00","0.00000173"
"0x08934effb90679fc2ae42f6c23b738eac6e63b71deb3951032e7754721e4e4f8","Success","Transfer Ownership","82118582","2026-02-19 11:05:12","0xd699ebc6930f593f0725d2a7dc58acc65b41a08e","","0x02c9dea9ff6b2bd0e01547c38ba0cbadbcfe54c9","","0 BNB","$0.00","0.00000167"
"0x1daa7e8f73233b986b52318c79ed8db0949e5da5aa5a173da818b8a44be4cd13","Success","Transfer Ownership","82118578","2026-02-19 11:05:10","0xd699ebc6930f593f0725d2a7dc58acc65b41a08e","","0xa8a28bd164c6153cf27f51468c7930cebc0b2bf7","","0 BNB","$0.00","0.00000167"
"0x707e4de2e754b2b2d02a495df53c1f4f516942e778e297d4641184a0ae611c3a","Success","Transfer Ownership","82118574","2026-02-19 11:05:09","0xd699ebc6930f593f0725d2a7dc58acc65b41a08e","","0x50b54861b91be65a3de4a5cb9b0e37dad12b91c0","","0 BNB","$0.00","0.0000017"
"0xbb1e9cad537624034c2349231e887830ec4e8fcc4aed5a1e6c131addee980c3b","Success","Transfer Ownership","82118571","2026-02-19 11:05:07","0xd699ebc6930f593f0725d2a7dc58acc65b41a08e","","0x6f4c6f59540460faf717c2fea526316ae66c640c","","0 BNB","$0.00","0.00000168"
"0xb969634848238e556f8924bc60b8c81bf8899b3b7b10c9a03c67c50061d7f285","Success","Add Authorized Caller","82118568","2026-02-19 11:05:06","0xd699ebc6930f593f0725d2a7dc58acc65b41a08e","","0x02c9dea9ff6b2bd0e01547c38ba0cbadbcfe54c9","","0 BNB","$0.00","0.00000254"
"0xbac89e6fdb7731d8336d52d734df82b04f002b050471d07ae9e7c284b20b430e","Success","Add Authorized Caller","82118563","2026-02-19 11:05:04","0xd699ebc6930f593f0725d2a7dc58acc65b41a08e","","0xa8a28bd164c6153cf27f51468c7930cebc0b2bf7","","0 BNB","$0.00","0.00000254"
"0x1653682a39d57fc95f43b1fde2c60ac0ec8c735600de9b9285732f27b1a417e0","Success","0x60806040","82118558","2026-02-19 11:05:01","0xd699ebc6930f593f0725d2a7dc58acc65b41a08e","","0x7d3903d07c4267d2ec5730bc2340450e3faa8f3d","","0 BNB","$0.00","0.00002414"
"0x73f1a6a169d3474deb1a1224c0124c0dabba9b8e0c889e87cadaf7132a5ec6ac","Success","0x60a08060","82118554","2026-02-19 11:05:00","0xd699ebc6930f593f0725d2a7dc58acc65b41a08e","","0x2b2c41db1e246cc4c90538aec95f8af63012da57","","0 BNB","$0.00","0.00019558"
"0xe8667dfb4e25fdf645774e92e49c4f909374b348ed645a4826fd2029d37d686e","Success","0x60806040","82118550","2026-02-19 11:04:58","0xd699ebc6930f593f0725d2a7dc58acc65b41a08e","","0x02c9dea9ff6b2bd0e01547c38ba0cbadbcfe54c9","","0 BNB","$0.00","0.00000772"
"0xd6d0406a01a7006d27678bfa09b381bd7956b623ef02f7cab597383375535a81","Success","0x60a08060","82118546","2026-02-19 11:04:56","0xd699ebc6930f593f0725d2a7dc58acc65b41a08e","","0x807874cac6f2dfe2030d91645302d22091437b41","","0 BNB","$0.00","0.00004118"
"0x72dce1d514889d329c44182b612a9dcdfb4a3f12bc9d221a75b28dac44f1fd2e","Success","0x60806040","82118542","2026-02-19 11:04:54","0xd699ebc6930f593f0725d2a7dc58acc65b41a08e","","0xa8a28bd164c6153cf27f51468c7930cebc0b2bf7","","0 BNB","$0.00","0.00000773"
"0x91100666e07638b0872e218492bdfbfb7eee898cbd080c2415cd2e35478ee566","Success","0x60a08060","82118538","2026-02-19 11:04:52","0xd699ebc6930f593f0725d2a7dc58acc65b41a08e","","0x328b57099021d132f417e104eb18a78bd686d73f","","0 BNB","$0.00","0.00003985"
"0xad457a82ab53af917980b261fc2c2b47b6c5f45d5a843611269784c6f291d7f8","Success","0x60806040","82118533","2026-02-19 11:04:50","0xd699ebc6930f593f0725d2a7dc58acc65b41a08e","","0x50b54861b91be65a3de4a5cb9b0e37dad12b91c0","","0 BNB","$0.00","0.00000885"
"0x69b91af8632739624acb243c67eab04573296e6f53ddea4e486b44b5ce1e7952","Success","0x60a08060","82118530","2026-02-19 11:04:49","0xd699ebc6930f593f0725d2a7dc58acc65b41a08e","","0xb3b3e2f121400bab14920498d2c4789bfa6f7d6b","","0 BNB","$0.00","0.00009386"
"0x25655fad7bb665a9c336b7afcc4446ddac5bb236314d74885ffcf68b39182c01","Success","Register Chain","82118525","2026-02-19 11:04:47","0xd699ebc6930f593f0725d2a7dc58acc65b41a08e","","0x6f4c6f59540460faf717c2fea526316ae66c640c","","0 BNB","$0.00","0.00000716"
"0xe2511e5080fdc6e75a4a618241a5829807926dcdbadd9f3b8f8f9b8ccd57087b","Success","0x60806040","82118521","2026-02-19 11:04:45","0xd699ebc6930f593f0725d2a7dc58acc65b41a08e","","0x6f4c6f59540460faf717c2fea526316ae66c640c","","0 BNB","$0.00","0.00000773"
"0xb9cfe13a8a519f75f700abb873da146957e6aecfd9d58c99816b1fe8f7b6bfc1","Success","0x60a08060","82118516","2026-02-19 11:04:42","0xd699ebc6930f593f0725d2a7dc58acc65b41a08e","","0xdf9c23ccca2af37fb99236965bda8f3c124536c8","","0 BNB","$0.00","0.0000475"
"0xbce319c8ae344a60c34b1c08c097d8c1806c102cdc2207335ecb8f9953932b59","Success","Transfer","82108637","2026-02-19 09:50:35","0xcd4eb82cfc16d5785b4f7e3bfc255e735e79f39c","","0xd699ebc6930f593f0725d2a7dc58acc65b41a08e","","0.05 BNB","$31.09","0.00000105"